filename,class,concentration,region
detergent_0001.jpg,detergent,1gm,full
detergent_0002.jpg,detergent,1gm,full
detergent_0003.jpg,detergent,1gm,full
detergent_0004.jpg,detergent,1gm,full
detergent_0005.jpg,detergent,1gm,center
detergent_0006.jpg,detergent,1gm,center
detergent_0007.jpg,detergent,1gm,center
detergent_0008.jpg,detergent,1gm,center
detergent_0009.jpg,detergent,1gm,center
detergent_0010.jpg,detergent,1gm,center
detergent_0011.jpg,detergent,1gm,center
detergent_0012.jpg,detergent,1gm,center
detergent_0013.jpg,detergent,1gm,center
detergent_0014.jpg,detergent,1gm,center
detergent_0015.jpg,detergent,1gm,center
detergent_0016.jpg,detergent,1gm,center
detergent_0017.jpg,detergent,1gm,center
detergent_0018.jpg,detergent,1gm,center
detergent_0019.jpg,detergent,1gm,center
detergent_0020.jpg,detergent,1gm,center
detergent_0021.jpg,detergent,1gm,center
detergent_0022.jpg,detergent,1gm,center
detergent_0023.jpg,detergent,1gm,center
detergent_0024.jpg,detergent,1gm,center
detergent_0025.jpg,detergent,1gm,edges
detergent_0026.jpg,detergent,1gm,edges
detergent_0027.jpg,detergent,1gm,edges
detergent_0028.jpg,detergent,1gm,edges
detergent_0029.jpg,detergent,1gm,edges
detergent_0030.jpg,detergent,1gm,edges
detergent_0031.jpg,detergent,1gm,edges
detergent_0032.jpg,detergent,1gm,edges
detergent_0033.jpg,detergent,1gm,edges
detergent_0034.jpg,detergent,1gm,edges
detergent_0035.jpg,detergent,1gm,edges
detergent_0036.jpg,detergent,1gm,edges
detergent_0037.jpg,detergent,1gm,edges
detergent_0038.jpg,detergent,1gm,edges
detergent_0039.jpg,detergent,1gm,edges
detergent_0040.jpg,detergent,1gm,edges
detergent_0041.jpg,detergent,1gm,edges
detergent_0042.jpg,detergent,1gm,edges
detergent_0043.jpg,detergent,1gm,edges
detergent_0044.jpg,detergent,1gm,edges
detergent_0045.jpg,detergent,1gm,edges
detergent_0046.jpg,detergent,1gm,edges
detergent_0047.jpg,detergent,1gm,edges
detergent_0048.jpg,detergent,1gm,edges
detergent_0049.jpg,detergent,2gm,full
detergent_0050.jpg,detergent,2gm,full
detergent_0051.jpg,detergent,2gm,full
detergent_0052.jpg,detergent,2gm,full
detergent_0053.jpg,detergent,2gm,center
detergent_0054.jpg,detergent,2gm,center
detergent_0055.jpg,detergent,2gm,center
detergent_0056.jpg,detergent,2gm,center
detergent_0057.jpg,detergent,2gm,center
detergent_0058.jpg,detergent,2gm,center
detergent_0059.jpg,detergent,2gm,center
detergent_0060.jpg,detergent,2gm,center
detergent_0061.jpg,detergent,2gm,center
detergent_0062.jpg,detergent,2gm,center
detergent_0063.jpg,detergent,2gm,center
detergent_0064.jpg,detergent,2gm,center
detergent_0065.jpg,detergent,2gm,center
detergent_0066.jpg,detergent,2gm,center
detergent_0067.jpg,detergent,2gm,center
detergent_0068.jpg,detergent,2gm,center
detergent_0069.jpg,detergent,2gm,edges
detergent_0070.jpg,detergent,2gm,edges
detergent_0071.jpg,detergent,2gm,edges
detergent_0072.jpg,detergent,2gm,edges
detergent_0073.jpg,detergent,2gm,edges
detergent_0074.jpg,detergent,2gm,edges
detergent_0075.jpg,detergent,2gm,edges
detergent_0076.jpg,detergent,2gm,edges
detergent_0077.jpg,detergent,2gm,edges
detergent_0078.jpg,detergent,2gm,edges
detergent_0079.jpg,detergent,2gm,edges
detergent_0080.jpg,detergent,2gm,edges
detergent_0081.jpg,detergent,2gm,edges
detergent_0082.jpg,detergent,2gm,edges
detergent_0083.jpg,detergent,2gm,edges
detergent_0084.jpg,detergent,2gm,edges
detergent_0085.jpg,detergent,2gm,edges
detergent_0086.jpg,detergent,2gm,edges
detergent_0087.jpg,detergent,2gm,edges
detergent_0088.jpg,detergent,2gm,edges
detergent_0089.jpg,detergent,2gm,edges
detergent_0090.jpg,detergent,2gm,edges
detergent_0091.jpg,detergent,2gm,edges
detergent_0092.jpg,detergent,2gm,edges
detergent_0093.jpg,detergent,2gm,edges
detergent_0094.jpg,detergent,2gm,edges
detergent_0095.jpg,detergent,2gm,edges
detergent_0096.jpg,detergent,3gm,full
detergent_0097.jpg,detergent,3gm,full
detergent_0098.jpg,detergent,3gm,full
detergent_0099.jpg,detergent,3gm,full
detergent_0100.jpg,detergent,3gm,center
detergent_0101.jpg,detergent,3gm,center
detergent_0102.jpg,detergent,3gm,center
detergent_0103.jpg,detergent,3gm,center
detergent_0104.jpg,detergent,3gm,center
detergent_0105.jpg,detergent,3gm,center
detergent_0106.jpg,detergent,3gm,center
detergent_0107.jpg,detergent,3gm,center
detergent_0108.jpg,detergent,3gm,center
detergent_0109.jpg,detergent,3gm,center
detergent_0110.jpg,detergent,3gm,center
detergent_0111.jpg,detergent,3gm,center
detergent_0112.jpg,detergent,3gm,center
detergent_0113.jpg,detergent,3gm,center
detergent_0114.jpg,detergent,3gm,center
detergent_0115.jpg,detergent,3gm,center
detergent_0116.jpg,detergent,3gm,center
detergent_0117.jpg,detergent,3gm,center
detergent_0118.jpg,detergent,3gm,edges
detergent_0119.jpg,detergent,3gm,edges
detergent_0120.jpg,detergent,3gm,edges
detergent_0121.jpg,detergent,3gm,edges
detergent_0122.jpg,detergent,3gm,edges
detergent_0123.jpg,detergent,3gm,edges
detergent_0124.jpg,detergent,3gm,edges
detergent_0125.jpg,detergent,3gm,edges
detergent_0126.jpg,detergent,3gm,edges
detergent_0127.jpg,detergent,3gm,edges
detergent_0128.jpg,detergent,3gm,edges
detergent_0129.jpg,detergent,3gm,edges
detergent_0130.jpg,detergent,3gm,edges
detergent_0131.jpg,detergent,3gm,edges
detergent_0132.jpg,detergent,3gm,edges
detergent_0133.jpg,detergent,3gm,edges
detergent_0134.jpg,detergent,3gm,edges
detergent_0135.jpg,detergent,3gm,edges
detergent_0136.jpg,detergent,3gm,edges
detergent_0137.jpg,detergent,3gm,edges
detergent_0138.jpg,detergent,3gm,edges
detergent_0139.jpg,detergent,3gm,edges
detergent_0140.jpg,detergent,3gm,edges
detergent_0141.jpg,detergent,3gm,edges
detergent_0142.jpg,detergent,4gm,full
detergent_0143.jpg,detergent,4gm,full
detergent_0144.jpg,detergent,4gm,full
detergent_0145.jpg,detergent,4gm,center
detergent_0146.jpg,detergent,4gm,center
detergent_0147.jpg,detergent,4gm,center
detergent_0148.jpg,detergent,4gm,center
detergent_0149.jpg,detergent,4gm,center
detergent_0150.jpg,detergent,4gm,center
detergent_0151.jpg,detergent,4gm,center
detergent_0152.jpg,detergent,4gm,center
detergent_0153.jpg,detergent,4gm,center
detergent_0154.jpg,detergent,4gm,center
detergent_0155.jpg,detergent,4gm,center
detergent_0156.jpg,detergent,4gm,center
detergent_0157.jpg,detergent,4gm,center
detergent_0158.jpg,detergent,4gm,center
detergent_0159.jpg,detergent,4gm,center
detergent_0160.jpg,detergent,4gm,center
detergent_0161.jpg,detergent,4gm,center
detergent_0162.jpg,detergent,4gm,center
detergent_0163.jpg,detergent,4gm,edges
detergent_0164.jpg,detergent,4gm,edges
detergent_0165.jpg,detergent,4gm,edges
detergent_0166.jpg,detergent,4gm,edges
detergent_0167.jpg,detergent,4gm,edges
detergent_0168.jpg,detergent,4gm,edges
detergent_0169.jpg,detergent,4gm,edges
detergent_0170.jpg,detergent,4gm,edges
detergent_0171.jpg,detergent,4gm,edges
detergent_0172.jpg,detergent,4gm,edges
detergent_0173.jpg,detergent,4gm,edges
detergent_0174.jpg,detergent,4gm,edges
detergent_0175.jpg,detergent,4gm,edges
detergent_0176.jpg,detergent,4gm,edges
detergent_0177.jpg,detergent,4gm,edges
detergent_0178.jpg,detergent,4gm,edges
detergent_0179.jpg,detergent,4gm,edges
detergent_0180.jpg,detergent,4gm,edges
detergent_0181.jpg,detergent,4gm,edges
detergent_0182.jpg,detergent,4gm,edges
detergent_0183.jpg,detergent,4gm,edges
detergent_0184.jpg,detergent,4gm,edges
detergent_0185.jpg,detergent,4gm,edges
detergent_0186.jpg,detergent,4gm,edges
detergent_0187.jpg,detergent,4gm,edges
detergent_0188.jpg,detergent,4gm,edges
detergent_0189.jpg,detergent,5gm,full
detergent_0190.jpg,detergent,5gm,full
detergent_0191.jpg,detergent,5gm,full
detergent_0192.jpg,detergent,5gm,full
detergent_0193.jpg,detergent,5gm,center
detergent_0194.jpg,detergent,5gm,center
detergent_0195.jpg,detergent,5gm,center
detergent_0196.jpg,detergent,5gm,center
detergent_0197.jpg,detergent,5gm,center
detergent_0198.jpg,detergent,5gm,center
detergent_0199.jpg,detergent,5gm,center
detergent_0200.jpg,detergent,5gm,center
detergent_0201.jpg,detergent,5gm,center
detergent_0202.jpg,detergent,5gm,center
detergent_0203.jpg,detergent,5gm,center
detergent_0204.jpg,detergent,5gm,center
detergent_0205.jpg,detergent,5gm,center
detergent_0206.jpg,detergent,5gm,center
detergent_0207.jpg,detergent,5gm,center
detergent_0208.jpg,detergent,5gm,center
detergent_0209.jpg,detergent,5gm,center
detergent_0210.jpg,detergent,5gm,center
detergent_0211.jpg,detergent,5gm,center
detergent_0212.jpg,detergent,5gm,center
detergent_0213.jpg,detergent,5gm,edges
detergent_0214.jpg,detergent,5gm,edges
detergent_0215.jpg,detergent,5gm,edges
detergent_0216.jpg,detergent,5gm,edges
detergent_0217.jpg,detergent,5gm,edges
detergent_0218.jpg,detergent,5gm,edges
detergent_0219.jpg,detergent,5gm,edges
detergent_0220.jpg,detergent,5gm,edges
detergent_0221.jpg,detergent,5gm,edges
detergent_0222.jpg,detergent,5gm,edges
detergent_0223.jpg,detergent,5gm,edges
detergent_0224.jpg,detergent,5gm,edges
detergent_0225.jpg,detergent,5gm,edges
detergent_0226.jpg,detergent,5gm,edges
detergent_0227.jpg,detergent,5gm,edges
detergent_0228.jpg,detergent,5gm,edges
detergent_0229.jpg,detergent,5gm,edges
detergent_0230.jpg,detergent,5gm,edges
detergent_0231.jpg,detergent,5gm,edges
detergent_0232.jpg,detergent,5gm,edges
detergent_0233.jpg,detergent,5gm,edges
detergent_0234.jpg,detergent,5gm,edges
detergent_0235.jpg,detergent,5gm,edges
detergent_0236.jpg,detergent,5gm,edges
detergent_0237.jpg,detergent,5gm,edges
detergent_0238.jpg,detergent,5gm,edges
pure_milk_0001.jpg,pure_milk,unknown,full
pure_milk_0002.jpg,pure_milk,unknown,full
pure_milk_0003.jpg,pure_milk,unknown,full
pure_milk_0004.jpg,pure_milk,unknown,full
pure_milk_0005.jpg,pure_milk,unknown,full
pure_milk_0006.jpg,pure_milk,unknown,full
pure_milk_0007.jpg,pure_milk,unknown,full
pure_milk_0008.jpg,pure_milk,unknown,full
pure_milk_0009.jpg,pure_milk,unknown,full
pure_milk_0010.jpg,pure_milk,unknown,full
pure_milk_0011.jpg,pure_milk,unknown,full
pure_milk_0012.jpg,pure_milk,unknown,full
pure_milk_0013.jpg,pure_milk,unknown,full
pure_milk_0014.jpg,pure_milk,unknown,full
pure_milk_0015.jpg,pure_milk,unknown,full
pure_milk_0016.jpg,pure_milk,unknown,full
pure_milk_0017.jpg,pure_milk,unknown,full
pure_milk_0018.jpg,pure_milk,unknown,full
pure_milk_0019.jpg,pure_milk,unknown,full
pure_milk_0020.jpg,pure_milk,unknown,full
pure_milk_0021.jpg,pure_milk,unknown,full
pure_milk_0022.jpg,pure_milk,unknown,full
salt_0001.jpg,salt,1gm,center
salt_0002.jpg,salt,1gm,center
salt_0003.jpg,salt,1gm,center
salt_0004.jpg,salt,1gm,center
salt_0005.jpg,salt,1gm,center
salt_0006.jpg,salt,1gm,center
salt_0007.jpg,salt,1gm,center
salt_0008.jpg,salt,1gm,center
salt_0009.jpg,salt,1gm,center
salt_0010.jpg,salt,1gm,center
salt_0011.jpg,salt,1gm,center
salt_0012.jpg,salt,1gm,center
salt_0013.jpg,salt,1gm,center
salt_0014.jpg,salt,1gm,center
salt_0015.jpg,salt,1gm,center
salt_0016.jpg,salt,1gm,center
salt_0017.jpg,salt,1gm,center
salt_0018.jpg,salt,1gm,center
salt_0019.jpg,salt,1gm,edges
salt_0020.jpg,salt,1gm,edges
salt_0021.jpg,salt,1gm,edges
salt_0022.jpg,salt,1gm,edges
salt_0023.jpg,salt,1gm,edges
salt_0024.jpg,salt,1gm,edges
salt_0025.jpg,salt,1gm,edges
salt_0026.jpg,salt,1gm,edges
salt_0027.jpg,salt,1gm,edges
salt_0028.jpg,salt,1gm,edges
salt_0029.jpg,salt,1gm,edges
salt_0030.jpg,salt,1gm,edges
salt_0031.jpg,salt,1gm,edges
salt_0032.jpg,salt,1gm,edges
salt_0033.jpg,salt,1gm,edges
salt_0034.jpg,salt,1gm,edges
salt_0035.jpg,salt,1gm,edges
salt_0036.jpg,salt,1gm,edges
salt_0037.jpg,salt,1gm,edges
salt_0038.jpg,salt,1gm,edges
salt_0039.jpg,salt,1gm,edges
salt_0040.jpg,salt,1gm,edges
salt_0041.jpg,salt,1gm,edges
salt_0042.jpg,salt,1gm,edges
salt_0043.jpg,salt,2gm,center
salt_0044.jpg,salt,2gm,center
salt_0045.jpg,salt,2gm,center
salt_0046.jpg,salt,2gm,center
salt_0047.jpg,salt,2gm,center
salt_0048.jpg,salt,2gm,center
salt_0049.jpg,salt,2gm,center
salt_0050.jpg,salt,2gm,center
salt_0051.jpg,salt,2gm,center
salt_0052.jpg,salt,2gm,center
salt_0053.jpg,salt,2gm,center
salt_0054.jpg,salt,2gm,center
salt_0055.jpg,salt,2gm,center
salt_0056.jpg,salt,2gm,center
salt_0057.jpg,salt,2gm,center
salt_0058.jpg,salt,2gm,center
salt_0059.jpg,salt,2gm,center
salt_0060.jpg,salt,2gm,center
salt_0061.jpg,salt,2gm,edges
salt_0062.jpg,salt,2gm,edges
salt_0063.jpg,salt,2gm,edges
salt_0064.jpg,salt,2gm,edges
salt_0065.jpg,salt,2gm,edges
salt_0066.jpg,salt,2gm,edges
salt_0067.jpg,salt,2gm,edges
salt_0068.jpg,salt,2gm,edges
salt_0069.jpg,salt,2gm,edges
salt_0070.jpg,salt,2gm,edges
salt_0071.jpg,salt,2gm,edges
salt_0072.jpg,salt,2gm,edges
salt_0073.jpg,salt,2gm,edges
salt_0074.jpg,salt,2gm,edges
salt_0075.jpg,salt,2gm,edges
salt_0076.jpg,salt,2gm,edges
salt_0077.jpg,salt,2gm,edges
salt_0078.jpg,salt,2gm,edges
salt_0079.jpg,salt,2gm,edges
salt_0080.jpg,salt,2gm,edges
salt_0081.jpg,salt,2gm,edges
salt_0082.jpg,salt,2gm,edges
salt_0083.jpg,salt,2gm,edges
salt_0084.jpg,salt,2gm,edges
salt_0085.jpg,salt,3gm,center
salt_0086.jpg,salt,3gm,center
salt_0087.jpg,salt,3gm,center
salt_0088.jpg,salt,3gm,center
salt_0089.jpg,salt,3gm,center
salt_0090.jpg,salt,3gm,center
salt_0091.jpg,salt,3gm,center
salt_0092.jpg,salt,3gm,center
salt_0093.jpg,salt,3gm,center
salt_0094.jpg,salt,3gm,center
salt_0095.jpg,salt,3gm,center
salt_0096.jpg,salt,3gm,center
salt_0097.jpg,salt,3gm,center
salt_0098.jpg,salt,3gm,center
salt_0099.jpg,salt,3gm,center
salt_0100.jpg,salt,3gm,center
salt_0101.jpg,salt,3gm,center
salt_0102.jpg,salt,3gm,center
salt_0103.jpg,salt,3gm,edges
salt_0104.jpg,salt,3gm,edges
salt_0105.jpg,salt,3gm,edges
salt_0106.jpg,salt,3gm,edges
salt_0107.jpg,salt,3gm,edges
salt_0108.jpg,salt,3gm,edges
salt_0109.jpg,salt,3gm,edges
salt_0110.jpg,salt,3gm,edges
salt_0111.jpg,salt,3gm,edges
salt_0112.jpg,salt,3gm,edges
salt_0113.jpg,salt,3gm,edges
salt_0114.jpg,salt,3gm,edges
salt_0115.jpg,salt,3gm,edges
salt_0116.jpg,salt,3gm,edges
salt_0117.jpg,salt,3gm,edges
salt_0118.jpg,salt,3gm,edges
salt_0119.jpg,salt,3gm,edges
salt_0120.jpg,salt,3gm,edges
salt_0121.jpg,salt,3gm,edges
salt_0122.jpg,salt,3gm,edges
salt_0123.jpg,salt,3gm,edges
salt_0124.jpg,salt,3gm,edges
salt_0125.jpg,salt,3gm,edges
salt_0126.jpg,salt,3gm,edges
salt_0127.jpg,salt,4gm,center
salt_0128.jpg,salt,4gm,center
salt_0129.jpg,salt,4gm,center
salt_0130.jpg,salt,4gm,center
salt_0131.jpg,salt,4gm,center
salt_0132.jpg,salt,4gm,center
salt_0133.jpg,salt,4gm,center
salt_0134.jpg,salt,4gm,center
salt_0135.jpg,salt,4gm,center
salt_0136.jpg,salt,4gm,center
salt_0137.jpg,salt,4gm,center
salt_0138.jpg,salt,4gm,center
salt_0139.jpg,salt,4gm,center
salt_0140.jpg,salt,4gm,center
salt_0141.jpg,salt,4gm,center
salt_0142.jpg,salt,4gm,center
salt_0143.jpg,salt,4gm,center
salt_0144.jpg,salt,4gm,center
salt_0145.jpg,salt,4gm,center
salt_0146.jpg,salt,4gm,center
salt_0147.jpg,salt,4gm,center
salt_0148.jpg,salt,4gm,edges
salt_0149.jpg,salt,4gm,edges
salt_0150.jpg,salt,4gm,edges
salt_0151.jpg,salt,4gm,edges
salt_0152.jpg,salt,4gm,edges
salt_0153.jpg,salt,4gm,edges
salt_0154.jpg,salt,4gm,edges
salt_0155.jpg,salt,4gm,edges
salt_0156.jpg,salt,4gm,edges
salt_0157.jpg,salt,4gm,edges
salt_0158.jpg,salt,4gm,edges
salt_0159.jpg,salt,4gm,edges
salt_0160.jpg,salt,4gm,edges
salt_0161.jpg,salt,4gm,edges
salt_0162.jpg,salt,4gm,edges
salt_0163.jpg,salt,4gm,edges
salt_0164.jpg,salt,4gm,edges
salt_0165.jpg,salt,4gm,edges
salt_0166.jpg,salt,4gm,edges
salt_0167.jpg,salt,4gm,edges
salt_0168.jpg,salt,4gm,edges
salt_0169.jpg,salt,4gm,edges
salt_0170.jpg,salt,4gm,edges
salt_0171.jpg,salt,4gm,edges
salt_0172.jpg,salt,4gm,edges
salt_0173.jpg,salt,4gm,edges
salt_0174.jpg,salt,5gm,center
salt_0175.jpg,salt,5gm,center
salt_0176.jpg,salt,5gm,center
salt_0177.jpg,salt,5gm,center
salt_0178.jpg,salt,5gm,center
salt_0179.jpg,salt,5gm,center
salt_0180.jpg,salt,5gm,center
salt_0181.jpg,salt,5gm,center
salt_0182.jpg,salt,5gm,center
salt_0183.jpg,salt,5gm,center
salt_0184.jpg,salt,5gm,center
salt_0185.jpg,salt,5gm,center
salt_0186.jpg,salt,5gm,center
salt_0187.jpg,salt,5gm,center
salt_0188.jpg,salt,5gm,center
salt_0189.jpg,salt,5gm,center
salt_0190.jpg,salt,5gm,center
salt_0191.jpg,salt,5gm,center
salt_0192.jpg,salt,5gm,center
salt_0193.jpg,salt,5gm,center
salt_0194.jpg,salt,5gm,edges
salt_0195.jpg,salt,5gm,edges
salt_0196.jpg,salt,5gm,edges
salt_0197.jpg,salt,5gm,edges
salt_0198.jpg,salt,5gm,edges
salt_0199.jpg,salt,5gm,edges
salt_0200.jpg,salt,5gm,edges
salt_0201.jpg,salt,5gm,edges
salt_0202.jpg,salt,5gm,edges
salt_0203.jpg,salt,5gm,edges
salt_0204.jpg,salt,5gm,edges
salt_0205.jpg,salt,5gm,edges
salt_0206.jpg,salt,5gm,edges
salt_0207.jpg,salt,5gm,edges
salt_0208.jpg,salt,5gm,edges
salt_0209.jpg,salt,5gm,edges
salt_0210.jpg,salt,5gm,edges
salt_0211.jpg,salt,5gm,edges
salt_0212.jpg,salt,5gm,edges
salt_0213.jpg,salt,5gm,edges
salt_0214.jpg,salt,5gm,edges
salt_0215.jpg,salt,5gm,edges
salt_0216.jpg,salt,5gm,edges
salt_0217.jpg,salt,5gm,edges
salt_0218.jpg,salt,5gm,edges
salt_0219.jpg,salt,5gm,edges
sugar_0001.jpg,sugar,1gm,full
sugar_0002.jpg,sugar,1gm,full
sugar_0003.jpg,sugar,1gm,full
sugar_0004.jpg,sugar,1gm,full
sugar_0005.jpg,sugar,1gm,full
sugar_0006.jpg,sugar,1gm,center
sugar_0007.jpg,sugar,1gm,center
sugar_0008.jpg,sugar,1gm,center
sugar_0009.jpg,sugar,1gm,center
sugar_0010.jpg,sugar,1gm,center
sugar_0011.jpg,sugar,1gm,center
sugar_0012.jpg,sugar,1gm,center
sugar_0013.jpg,sugar,1gm,center
sugar_0014.jpg,sugar,1gm,center
sugar_0015.jpg,sugar,1gm,center
sugar_0016.jpg,sugar,1gm,center
sugar_0017.jpg,sugar,1gm,center
sugar_0018.jpg,sugar,1gm,center
sugar_0019.jpg,sugar,1gm,center
sugar_0020.jpg,sugar,1gm,center
sugar_0021.jpg,sugar,1gm,center
sugar_0022.jpg,sugar,1gm,center
sugar_0023.jpg,sugar,1gm,center
sugar_0024.jpg,sugar,1gm,center
sugar_0025.jpg,sugar,1gm,center
sugar_0026.jpg,sugar,1gm,center
sugar_0027.jpg,sugar,1gm,edges
sugar_0028.jpg,sugar,1gm,edges
sugar_0029.jpg,sugar,1gm,edges
sugar_0030.jpg,sugar,1gm,edges
sugar_0031.jpg,sugar,1gm,edges
sugar_0032.jpg,sugar,1gm,edges
sugar_0033.jpg,sugar,1gm,edges
sugar_0034.jpg,sugar,1gm,edges
sugar_0035.jpg,sugar,1gm,edges
sugar_0036.jpg,sugar,1gm,edges
sugar_0037.jpg,sugar,1gm,edges
sugar_0038.jpg,sugar,1gm,edges
sugar_0039.jpg,sugar,1gm,edges
sugar_0040.jpg,sugar,1gm,edges
sugar_0041.jpg,sugar,1gm,edges
sugar_0042.jpg,sugar,1gm,edges
sugar_0043.jpg,sugar,1gm,edges
sugar_0044.jpg,sugar,1gm,edges
sugar_0045.jpg,sugar,1gm,edges
sugar_0046.jpg,sugar,1gm,edges
sugar_0047.jpg,sugar,1gm,edges
sugar_0048.jpg,sugar,1gm,edges
sugar_0049.jpg,sugar,1gm,edges
sugar_0050.jpg,sugar,1gm,edges
sugar_0051.jpg,sugar,2gm,full
sugar_0052.jpg,sugar,2gm,full
sugar_0053.jpg,sugar,2gm,full
sugar_0054.jpg,sugar,2gm,full
sugar_0055.jpg,sugar,2gm,full
sugar_0056.jpg,sugar,2gm,center
sugar_0057.jpg,sugar,2gm,center
sugar_0058.jpg,sugar,2gm,center
sugar_0059.jpg,sugar,2gm,center
sugar_0060.jpg,sugar,2gm,center
sugar_0061.jpg,sugar,2gm,center
sugar_0062.jpg,sugar,2gm,center
sugar_0063.jpg,sugar,2gm,center
sugar_0064.jpg,sugar,2gm,center
sugar_0065.jpg,sugar,2gm,center
sugar_0066.jpg,sugar,2gm,center
sugar_0067.jpg,sugar,2gm,center
sugar_0068.jpg,sugar,2gm,center
sugar_0069.jpg,sugar,2gm,center
sugar_0070.jpg,sugar,2gm,center
sugar_0071.jpg,sugar,2gm,center
sugar_0072.jpg,sugar,2gm,center
sugar_0073.jpg,sugar,2gm,center
sugar_0074.jpg,sugar,2gm,edges
sugar_0075.jpg,sugar,2gm,edges
sugar_0076.jpg,sugar,2gm,edges
sugar_0077.jpg,sugar,2gm,edges
sugar_0078.jpg,sugar,2gm,edges
sugar_0079.jpg,sugar,2gm,edges
sugar_0080.jpg,sugar,2gm,edges
sugar_0081.jpg,sugar,2gm,edges
sugar_0082.jpg,sugar,2gm,edges
sugar_0083.jpg,sugar,2gm,edges
sugar_0084.jpg,sugar,2gm,edges
sugar_0085.jpg,sugar,2gm,edges
sugar_0086.jpg,sugar,2gm,edges
sugar_0087.jpg,sugar,2gm,edges
sugar_0088.jpg,sugar,2gm,edges
sugar_0089.jpg,sugar,2gm,edges
sugar_0090.jpg,sugar,2gm,edges
sugar_0091.jpg,sugar,2gm,edges
sugar_0092.jpg,sugar,2gm,edges
sugar_0093.jpg,sugar,2gm,edges
sugar_0094.jpg,sugar,3gm,full
sugar_0095.jpg,sugar,3gm,full
sugar_0096.jpg,sugar,3gm,full
sugar_0097.jpg,sugar,3gm,center
sugar_0098.jpg,sugar,3gm,center
sugar_0099.jpg,sugar,3gm,center
sugar_0100.jpg,sugar,3gm,center
sugar_0101.jpg,sugar,3gm,center
sugar_0102.jpg,sugar,3gm,center
sugar_0103.jpg,sugar,3gm,center
sugar_0104.jpg,sugar,3gm,center
sugar_0105.jpg,sugar,3gm,center
sugar_0106.jpg,sugar,3gm,center
sugar_0107.jpg,sugar,3gm,center
sugar_0108.jpg,sugar,3gm,center
sugar_0109.jpg,sugar,3gm,center
sugar_0110.jpg,sugar,3gm,center
sugar_0111.jpg,sugar,3gm,center
sugar_0112.jpg,sugar,3gm,center
sugar_0113.jpg,sugar,3gm,center
sugar_0114.jpg,sugar,3gm,center
sugar_0115.jpg,sugar,3gm,center
sugar_0116.jpg,sugar,3gm,edges
sugar_0117.jpg,sugar,3gm,edges
sugar_0118.jpg,sugar,3gm,edges
sugar_0119.jpg,sugar,3gm,edges
sugar_0120.jpg,sugar,3gm,edges
sugar_0121.jpg,sugar,3gm,edges
sugar_0122.jpg,sugar,3gm,edges
sugar_0123.jpg,sugar,3gm,edges
sugar_0124.jpg,sugar,3gm,edges
sugar_0125.jpg,sugar,3gm,edges
sugar_0126.jpg,sugar,3gm,edges
sugar_0127.jpg,sugar,3gm,edges
sugar_0128.jpg,sugar,3gm,edges
sugar_0129.jpg,sugar,3gm,edges
sugar_0130.jpg,sugar,3gm,edges
sugar_0131.jpg,sugar,3gm,edges
sugar_0132.jpg,sugar,3gm,edges
sugar_0133.jpg,sugar,3gm,edges
sugar_0134.jpg,sugar,3gm,edges
sugar_0135.jpg,sugar,3gm,edges
sugar_0136.jpg,sugar,3gm,edges
sugar_0137.jpg,sugar,3gm,edges
sugar_0138.jpg,sugar,3gm,edges
sugar_0139.jpg,sugar,3gm,edges
sugar_0140.jpg,sugar,4gm,full
sugar_0141.jpg,sugar,4gm,full
sugar_0142.jpg,sugar,4gm,full
sugar_0143.jpg,sugar,4gm,full
sugar_0144.jpg,sugar,4gm,center
sugar_0145.jpg,sugar,4gm,center
sugar_0146.jpg,sugar,4gm,center
sugar_0147.jpg,sugar,4gm,center
sugar_0148.jpg,sugar,4gm,center
sugar_0149.jpg,sugar,4gm,center
sugar_0150.jpg,sugar,4gm,center
sugar_0151.jpg,sugar,4gm,center
sugar_0152.jpg,sugar,4gm,center
sugar_0153.jpg,sugar,4gm,center
sugar_0154.jpg,sugar,4gm,center
sugar_0155.jpg,sugar,4gm,center
sugar_0156.jpg,sugar,4gm,center
sugar_0157.jpg,sugar,4gm,center
sugar_0158.jpg,sugar,4gm,center
sugar_0159.jpg,sugar,4gm,center
sugar_0160.jpg,sugar,4gm,center
sugar_0161.jpg,sugar,4gm,center
sugar_0162.jpg,sugar,4gm,center
sugar_0163.jpg,sugar,4gm,edges
sugar_0164.jpg,sugar,4gm,edges
sugar_0165.jpg,sugar,4gm,edges
sugar_0166.jpg,sugar,4gm,edges
sugar_0167.jpg,sugar,4gm,edges
sugar_0168.jpg,sugar,4gm,edges
sugar_0169.jpg,sugar,4gm,edges
sugar_0170.jpg,sugar,4gm,edges
sugar_0171.jpg,sugar,4gm,edges
sugar_0172.jpg,sugar,4gm,edges
sugar_0173.jpg,sugar,4gm,edges
sugar_0174.jpg,sugar,4gm,edges
sugar_0175.jpg,sugar,4gm,edges
sugar_0176.jpg,sugar,4gm,edges
sugar_0177.jpg,sugar,4gm,edges
sugar_0178.jpg,sugar,4gm,edges
sugar_0179.jpg,sugar,4gm,edges
sugar_0180.jpg,sugar,4gm,edges
sugar_0181.jpg,sugar,4gm,edges
sugar_0182.jpg,sugar,4gm,edges
sugar_0183.jpg,sugar,4gm,edges
sugar_0184.jpg,sugar,4gm,edges
sugar_0185.jpg,sugar,4gm,edges
sugar_0186.jpg,sugar,4gm,edges
sugar_0187.jpg,sugar,5gm,center
sugar_0188.jpg,sugar,5gm,center
sugar_0189.jpg,sugar,5gm,center
sugar_0190.jpg,sugar,5gm,center
sugar_0191.jpg,sugar,5gm,center
sugar_0192.jpg,sugar,5gm,center
sugar_0193.jpg,sugar,5gm,center
sugar_0194.jpg,sugar,5gm,center
sugar_0195.jpg,sugar,5gm,center
sugar_0196.jpg,sugar,5gm,center
sugar_0197.jpg,sugar,5gm,center
sugar_0198.jpg,sugar,5gm,center
sugar_0199.jpg,sugar,5gm,center
sugar_0200.jpg,sugar,5gm,center
sugar_0201.jpg,sugar,5gm,center
sugar_0202.jpg,sugar,5gm,center
sugar_0203.jpg,sugar,5gm,center
sugar_0204.jpg,sugar,5gm,center
sugar_0205.jpg,sugar,5gm,center
sugar_0206.jpg,sugar,5gm,center
sugar_0207.jpg,sugar,5gm,center
sugar_0208.jpg,sugar,5gm,center
sugar_0209.jpg,sugar,5gm,edges
sugar_0210.jpg,sugar,5gm,edges
sugar_0211.jpg,sugar,5gm,edges
sugar_0212.jpg,sugar,5gm,edges
sugar_0213.jpg,sugar,5gm,edges
sugar_0214.jpg,sugar,5gm,edges
sugar_0215.jpg,sugar,5gm,edges
sugar_0216.jpg,sugar,5gm,edges
sugar_0217.jpg,sugar,5gm,edges
sugar_0218.jpg,sugar,5gm,edges
sugar_0219.jpg,sugar,5gm,edges
sugar_0220.jpg,sugar,5gm,edges
sugar_0221.jpg,sugar,5gm,edges
sugar_0222.jpg,sugar,5gm,edges
sugar_0223.jpg,sugar,5gm,edges
sugar_0224.jpg,sugar,5gm,edges
sugar_0225.jpg,sugar,5gm,edges
sugar_0226.jpg,sugar,5gm,edges
sugar_0227.jpg,sugar,5gm,edges
sugar_0228.jpg,sugar,5gm,edges
sugar_0229.jpg,sugar,5gm,edges
sugar_0230.jpg,sugar,5gm,edges
sugar_0231.jpg,sugar,5gm,edges
sugar_0232.jpg,sugar,5gm,edges
water_0001.jpg,water,10pct,center
water_0002.jpg,water,10pct,center
water_0003.jpg,water,10pct,center
water_0004.jpg,water,10pct,center
water_0005.jpg,water,10pct,center
water_0006.jpg,water,10pct,center
water_0007.jpg,water,10pct,center
water_0008.jpg,water,10pct,center
water_0009.jpg,water,10pct,center
water_0010.jpg,water,10pct,center
water_0011.jpg,water,10pct,center
water_0012.jpg,water,10pct,center
water_0013.jpg,water,10pct,center
water_0014.jpg,water,10pct,center
water_0015.jpg,water,10pct,center
water_0016.jpg,water,10pct,center
water_0017.jpg,water,10pct,center
water_0018.jpg,water,10pct,center
water_0019.jpg,water,10pct,edges
water_0020.jpg,water,10pct,edges
water_0021.jpg,water,10pct,edges
water_0022.jpg,water,10pct,edges
water_0023.jpg,water,10pct,edges
water_0024.jpg,water,10pct,edges
water_0025.jpg,water,10pct,edges
water_0026.jpg,water,10pct,edges
water_0027.jpg,water,10pct,edges
water_0028.jpg,water,10pct,edges
water_0029.jpg,water,10pct,edges
water_0030.jpg,water,10pct,edges
water_0031.jpg,water,10pct,edges
water_0032.jpg,water,10pct,edges
water_0033.jpg,water,10pct,edges
water_0034.jpg,water,10pct,edges
water_0035.jpg,water,10pct,edges
water_0036.jpg,water,10pct,edges
water_0037.jpg,water,10pct,edges
water_0038.jpg,water,10pct,edges
water_0039.jpg,water,10pct,edges
water_0040.jpg,water,10pct,edges
water_0041.jpg,water,10pct,edges
water_0042.jpg,water,10pct,edges
water_0043.jpg,water,20pct,center
water_0044.jpg,water,20pct,center
water_0045.jpg,water,20pct,center
water_0046.jpg,water,20pct,center
water_0047.jpg,water,20pct,center
water_0048.jpg,water,20pct,center
water_0049.jpg,water,20pct,center
water_0050.jpg,water,20pct,center
water_0051.jpg,water,20pct,center
water_0052.jpg,water,20pct,center
water_0053.jpg,water,20pct,center
water_0054.jpg,water,20pct,center
water_0055.jpg,water,20pct,center
water_0056.jpg,water,20pct,center
water_0057.jpg,water,20pct,center
water_0058.jpg,water,20pct,center
water_0059.jpg,water,20pct,center
water_0060.jpg,water,20pct,center
water_0061.jpg,water,20pct,edges
water_0062.jpg,water,20pct,edges
water_0063.jpg,water,20pct,edges
water_0064.jpg,water,20pct,edges
water_0065.jpg,water,20pct,edges
water_0066.jpg,water,20pct,edges
water_0067.jpg,water,20pct,edges
water_0068.jpg,water,20pct,edges
water_0069.jpg,water,20pct,edges
water_0070.jpg,water,20pct,edges
water_0071.jpg,water,20pct,edges
water_0072.jpg,water,20pct,edges
water_0073.jpg,water,20pct,edges
water_0074.jpg,water,20pct,edges
water_0075.jpg,water,20pct,edges
water_0076.jpg,water,20pct,edges
water_0077.jpg,water,20pct,edges
water_0078.jpg,water,20pct,edges
water_0079.jpg,water,20pct,edges
water_0080.jpg,water,20pct,edges
water_0081.jpg,water,20pct,edges
water_0082.jpg,water,20pct,edges
water_0083.jpg,water,20pct,edges
water_0084.jpg,water,20pct,edges
water_0085.jpg,water,30pct,center
water_0086.jpg,water,30pct,center
water_0087.jpg,water,30pct,center
water_0088.jpg,water,30pct,center
water_0089.jpg,water,30pct,center
water_0090.jpg,water,30pct,center
water_0091.jpg,water,30pct,center
water_0092.jpg,water,30pct,center
water_0093.jpg,water,30pct,center
water_0094.jpg,water,30pct,center
water_0095.jpg,water,30pct,center
water_0096.jpg,water,30pct,center
water_0097.jpg,water,30pct,center
water_0098.jpg,water,30pct,center
water_0099.jpg,water,30pct,center
water_0100.jpg,water,30pct,center
water_0101.jpg,water,30pct,center
water_0102.jpg,water,30pct,center
water_0103.jpg,water,30pct,edges
water_0104.jpg,water,30pct,edges
water_0105.jpg,water,30pct,edges
water_0106.jpg,water,30pct,edges
water_0107.jpg,water,30pct,edges
water_0108.jpg,water,30pct,edges
water_0109.jpg,water,30pct,edges
water_0110.jpg,water,30pct,edges
water_0111.jpg,water,30pct,edges
water_0112.jpg,water,30pct,edges
water_0113.jpg,water,30pct,edges
water_0114.jpg,water,30pct,edges
water_0115.jpg,water,30pct,edges
water_0116.jpg,water,30pct,edges
water_0117.jpg,water,30pct,edges
water_0118.jpg,water,30pct,edges
water_0119.jpg,water,30pct,edges
water_0120.jpg,water,30pct,edges
water_0121.jpg,water,30pct,edges
water_0122.jpg,water,30pct,edges
water_0123.jpg,water,30pct,edges
water_0124.jpg,water,30pct,edges
water_0125.jpg,water,30pct,edges
water_0126.jpg,water,30pct,edges
water_0127.jpg,water,30pct,edges
water_0128.jpg,water,30pct,edges
water_0129.jpg,water,40pct,center
water_0130.jpg,water,40pct,center
water_0131.jpg,water,40pct,center
water_0132.jpg,water,40pct,center
water_0133.jpg,water,40pct,center
water_0134.jpg,water,40pct,center
water_0135.jpg,water,40pct,center
water_0136.jpg,water,40pct,center
water_0137.jpg,water,40pct,center
water_0138.jpg,water,40pct,center
water_0139.jpg,water,40pct,center
water_0140.jpg,water,40pct,center
water_0141.jpg,water,40pct,center
water_0142.jpg,water,40pct,center
water_0143.jpg,water,40pct,center
water_0144.jpg,water,40pct,center
water_0145.jpg,water,40pct,center
water_0146.jpg,water,40pct,center
water_0147.jpg,water,40pct,edges
water_0148.jpg,water,40pct,edges
water_0149.jpg,water,40pct,edges
water_0150.jpg,water,40pct,edges
water_0151.jpg,water,40pct,edges
water_0152.jpg,water,40pct,edges
water_0153.jpg,water,40pct,edges
water_0154.jpg,water,40pct,edges
water_0155.jpg,water,40pct,edges
water_0156.jpg,water,40pct,edges
water_0157.jpg,water,40pct,edges
water_0158.jpg,water,40pct,edges
water_0159.jpg,water,40pct,edges
water_0160.jpg,water,40pct,edges
water_0161.jpg,water,40pct,edges
water_0162.jpg,water,40pct,edges
water_0163.jpg,water,40pct,edges
water_0164.jpg,water,40pct,edges
water_0165.jpg,water,40pct,edges
water_0166.jpg,water,40pct,edges
water_0167.jpg,water,40pct,edges
water_0168.jpg,water,40pct,edges
water_0169.jpg,water,40pct,edges
water_0170.jpg,water,40pct,edges
water_0171.jpg,water,50pct,center
water_0172.jpg,water,50pct,center
water_0173.jpg,water,50pct,center
water_0174.jpg,water,50pct,center
water_0175.jpg,water,50pct,center
water_0176.jpg,water,50pct,center
water_0177.jpg,water,50pct,center
water_0178.jpg,water,50pct,center
water_0179.jpg,water,50pct,center
water_0180.jpg,water,50pct,center
water_0181.jpg,water,50pct,center
water_0182.jpg,water,50pct,center
water_0183.jpg,water,50pct,center
water_0184.jpg,water,50pct,center
water_0185.jpg,water,50pct,center
water_0186.jpg,water,50pct,center
water_0187.jpg,water,50pct,center
water_0188.jpg,water,50pct,center
water_0189.jpg,water,50pct,edges
water_0190.jpg,water,50pct,edges
water_0191.jpg,water,50pct,edges
water_0192.jpg,water,50pct,edges
water_0193.jpg,water,50pct,edges
water_0194.jpg,water,50pct,edges
water_0195.jpg,water,50pct,edges
water_0196.jpg,water,50pct,edges
water_0197.jpg,water,50pct,edges
water_0198.jpg,water,50pct,edges
water_0199.jpg,water,50pct,edges
water_0200.jpg,water,50pct,edges
water_0201.jpg,water,50pct,edges
water_0202.jpg,water,50pct,edges
water_0203.jpg,water,50pct,edges
water_0204.jpg,water,50pct,edges
water_0205.jpg,water,50pct,edges
water_0206.jpg,water,50pct,edges
water_0207.jpg,water,50pct,edges
water_0208.jpg,water,50pct,edges
water_0209.jpg,water,50pct,edges
water_0210.jpg,water,50pct,edges
water_0211.jpg,water,50pct,edges
water_0212.jpg,water,50pct,edges
water_0213.jpg,water,50pct,edges
water_0214.jpg,water,50pct,edges
